{
  "projectType": [
    "sap.watt.uitools.ide.fiori",
    "com.watt.common.builder.sapui5clientbuild",
    "com.sap.webide.hybrid.cordova"
  ],
  "build": {
    "targetFolder": "dist",
    "sourceFolder": "webapp",
    "excludedFolders": [
      "test"
    ],
    "excludedFiles": [
      "test.html"
    ],
    "buildRequired": true
  },
  "dataBinding": {
    "/webapp/view/App.view.xml": {
      "entitySet": "UNBINDKEY"
    },
    "/webapp/view/NotFound.view.xml": {
      "entitySet": "UNBINDKEY"
    },
    "/webapp/view/DetailObjectNotFound.view.xml": {
      "entitySet": "UNBINDKEY"
    },
    "/webapp/view/DetailNoObjectsAvailable.view.xml": {
      "entitySet": "UNBINDKEY"
    },
    "/webapp/view/Master.view.xml": {
      "entitySet": "VehicalSet"
    },
    "/webapp/view/Welcome.view.xml": {
      "entitySet": "VehicalSet"
    }
  },
  "generation": [
    {
      "templateId": "sap.ui.ui5-template-plugin.2masterdetail",
      "templateVersion": "1.44.7",
      "dateTimeStamp": "Mon, 12 Mar 2018 02:24:16 GMT"
    },
    {
      "templateId": "ui5template.basicSAPUI5ApplicationComponent",
      "templateVersion": "1.4.0",
      "dateTimeStamp": "Wed, 14 Mar 2018 03:52:33 GMT"
    }
  ],
  "translation": {
    "translationDomain": "",
    "supportedLanguages": "en,fr,de",
    "defaultLanguage": "en",
    "defaultI18NPropertyFile": "i18n.properties",
    "resourceModelName": "i18n"
  },
  "mockpreview": {
    "mockUri": "/sap/opu/odata/sap/ZIN_VEHICALDETAILS_SRV",
    "metadataFilePath": "",
    "loadJSONFiles": false,
    "loadCustomRequests": false,
    "mockRequestsFilePath": ""
  },
  "basevalidator": {
    "services": {
      "xml": "fioriXmlAnalysis",
      "js": "fioriJsValidator"
    }
  },
  "codeCheckingTriggers": {
    "notifyBeforePush": true,
    "notifyBeforePushLevel": "Error",
    "blockPush": false,
    "blockPushLevel": "Error"
  },
  "hybrid": {
    "backendDestination": "FES",
    "hatVersion": "1.28.8",
    "appNamespace": "app",
    "oDataConfigs": [
      {
        "hybridOdata": {
          "name": "mainService",
          "serviceUrl": ""
        },
        "originOdata": {
          "name": "mainService",
          "serviceUrl": "/sap/opu/odata/sap/ZIN_VEHICALDETAILS_SRV/"
        }
      }
    ]
  }
}