<edmx:Edmx
    xmlns:edmx="http://schemas.microsoft.com/ado/2007/06/edmx"
    xmlns:m="http://schemas.microsoft.com/ado/2007/08/dataservices/metadata"
    xmlns:sap="http://www.sap.com/Protocols/SAPData" Version="1.0">
    <edmx:DataServices m:DataServiceVersion="2.0">
        <Schema
            xmlns="http://schemas.microsoft.com/ado/2008/09/edm" Namespace="ZIN_VEHICALDETAILS_SRV" xml:lang="en" sap:schema-version="1">
            <EntityType Name="Vehical" sap:content-version="1">
                <Key>
                    <PropertyRef Name="ZvehicalId"/>
                </Key>
                <Property Name="ZvehicalId" Type="Edm.Byte" Nullable="false" sap:label="Vehical ID" sap:creatable="false" sap:updatable="false" sap:sortable="false" sap:filterable="false"/>
                <Property Name="ZvehicalName" Type="Edm.String" Nullable="false" MaxLength="10" sap:label="Vehical Name" sap:creatable="false" sap:updatable="false" sap:sortable="false" sap:filterable="false"/>
                <Property Name="ZvehicalModel" Type="Edm.String" Nullable="false" MaxLength="6" sap:label="Vehical Model" sap:creatable="false" sap:updatable="false" sap:sortable="false" sap:filterable="false"/>
                <Property Name="ZvehicalYear" Type="Edm.String" Nullable="false" MaxLength="4" sap:label="Manfacture year" sap:creatable="false" sap:updatable="false" sap:sortable="false" sap:filterable="false"/>
                <Property Name="ZvehicalReg" Type="Edm.String" Nullable="false" MaxLength="7" sap:label="Registration Number" sap:creatable="false" sap:updatable="false" sap:sortable="false" sap:filterable="false"/>
                <Property Name="ZvehicalMlg" Type="Edm.String" Nullable="false" MaxLength="10" sap:label="Millage" sap:creatable="false" sap:updatable="false" sap:sortable="false" sap:filterable="false"/>
                <Property Name="ZvhicalAvgmlg" Type="Edm.String" Nullable="false" MaxLength="10" sap:label="Avg Milage" sap:creatable="false" sap:updatable="false" sap:sortable="false" sap:filterable="false"/>
                <Property Name="ZvehicalFueltype" Type="Edm.String" Nullable="false" MaxLength="6" sap:label="Fuel Type" sap:creatable="false" sap:updatable="false" sap:sortable="false" sap:filterable="false"/>
            </EntityType>
            <EntityContainer Name="ZIN_VEHICALDETAILS_SRV_Entities" m:IsDefaultEntityContainer="true" sap:supported-formats="atom json xlsx">
                <EntitySet Name="VehicalSet" EntityType="ZIN_VEHICALDETAILS_SRV.Vehical" sap:pageable="false" sap:content-version="1"/>
            </EntityContainer>
            <atom:link
                xmlns:atom="http://www.w3.org/2005/Atom" rel="self" href="http://eba141.extendtec.com.au:8000/sap/opu/odata/sap/ZIN_VEHICALDETAILS_SRV/$metadata"/>
                <atom:link
                    xmlns:atom="http://www.w3.org/2005/Atom" rel="latest-version" href="http://eba141.extendtec.com.au:8000/sap/opu/odata/sap/ZIN_VEHICALDETAILS_SRV/$metadata"/>
                </Schema>
            </edmx:DataServices>
        </edmx:Edmx>